profile_pic,username_num_ratio,fullname_words,fullname_num_ratio,name_equals_username,desc_length,external_url,is_private,posts,followers,follows,fake,fol_ratio,followers_bin
1,0.27,0,0,0,53,0,0,32,1000,955,0,1.047120419,"(500, 1000]"
1,0,2,0,0,44,0,0,286,2740,533,0,5.140712946,"(1000, 5000]"
1,0.1,2,0,0,0,0,1,13,159,98,0,1.62244898,"(100, 200]"
1,0,1,0,0,82,0,0,679,414,651,0,0.6359447,"(200, 500]"
1,0,2,0,0,0,0,1,6,151,126,0,1.198412698,"(100, 200]"
1,0,4,0,0,81,1,0,344,669987,150,0,4466.58,
1,0,2,0,0,50,0,0,16,122,177,0,0.689265537,"(100, 200]"
1,0,2,0,0,0,0,0,33,1078,76,0,14.18421053,"(1000, 5000]"
1,0,0,0,0,71,0,0,72,1824,2713,0,0.672318467,"(1000, 5000]"
1,0,2,0,0,40,1,0,213,12945,813,0,15.92250923,
1,0,2,0,0,54,0,0,648,9884,1173,0,8.42625746,"(5000, 10000]"
1,0,2,0,0,54,1,0,76,1188,365,0,3.254794521,"(1000, 5000]"
1,0,2,0,0,0,1,0,298,945,583,0,1.620926244,"(500, 1000]"
1,0,2,0,0,103,1,0,117,12033,248,0,48.52016129,
1,0,2,0,0,98,1,0,487,1962,2701,0,0.726397631,"(1000, 5000]"
1,0,3,0,0,46,0,0,254,50374,900,0,55.97111111,
1,0,3,0,0,0,0,0,59,7007,289,0,24.24567474,"(5000, 10000]"
1,0.29,3,0,0,48,0,0,1570,1128,694,0,1.625360231,"(1000, 5000]"
1,0,2,0,0,63,1,0,378,34670,1878,0,18.46112886,
1,0,2,0,0,106,1,0,526,2338,776,0,3.012886598,"(1000, 5000]"
1,0,2,0,0,40,0,0,228,3516,999,0,3.51951952,"(1000, 5000]"
1,0,1,0,0,35,1,1,35,1809,416,0,4.348557692,"(1000, 5000]"
1,0,2,0,0,30,0,0,281,427,470,0,0.908510638,"(200, 500]"
1,0,1,0,0,27,0,0,285,759,956,0,0.793933054,"(500, 1000]"
1,0,0,0,0,0,0,0,148,15338538,61,0,251451.4426,
1,0,1,0,0,109,1,1,57,109,179,0,0.608938547,"(100, 200]"
1,0,6,0,0,0,0,1,17,536,665,0,0.806015038,"(500, 1000]"
1,0,2,0,0,132,1,0,511,121354,176,0,689.5113636,
1,0,2,0,0,126,1,0,230,2284,130,0,17.56923077,"(1000, 5000]"
1,0,2,0,0,122,0,1,15,186,174,0,1.068965517,"(100, 200]"
1,0,2,0,0,138,0,1,980,687,1517,0,0.452867502,"(500, 1000]"
1,0.13,0,0,0,0,0,1,53,966,952,0,1.014705882,"(500, 1000]"
1,0,2,0,0,50,0,1,111,177,170,0,1.041176471,"(100, 200]"
1,0,2,0,0,35,0,0,719,744,967,0,0.769389866,"(500, 1000]"
1,0,2,0,0,56,1,0,1164,542073,674,0,804.2626113,
1,0.18,2,0,0,9,0,0,497,5315651,2703,0,1966.574547,
1,0.33,0,0,0,0,0,1,18,267,328,0,0.81402439,"(200, 500]"
1,0,2,0,0,81,0,0,50,691,680,0,1.016176471,"(500, 1000]"
1,0,2,0,0,134,0,1,74,120,112,0,1.071428571,"(100, 200]"
1,0,2,0,0,0,0,0,8,105,98,0,1.071428571,"(100, 200]"
1,0,0,0,0,2,0,0,7389,890969,11,0,80997.18182,
1,0,2,0,0,0,1,0,420,361853,583,0,620.6740995,
1,0,2,0,0,23,0,0,433,3678,1359,0,2.706401766,"(1000, 5000]"
1,0,2,0,0,138,1,0,156,92192,16,0,5762,
1,0,4,0,0,35,0,0,4494,12397719,8,0,1549714.875,
1,0,3,0,0,93,0,0,751,380510,0,0,0,
1,0,2,0,0,4,0,1,4,132,183,0,0.721311475,"(100, 200]"
1,0,2,0,0,1,0,1,27,162,208,0,0.778846154,"(100, 200]"
1,0,1,0,0,4,0,0,91,369,546,0,0.675824176,"(200, 500]"
1,0,0,0,0,23,0,0,262,1476,666,0,2.216216216,"(1000, 5000]"
1,0,3,0,0,91,1,0,274,1798,461,0,3.90021692,"(1000, 5000]"
1,0,2,0,0,57,0,0,271,2118,1109,0,1.909828674,"(1000, 5000]"
1,0,1,0,0,108,1,0,713,812,432,0,1.87962963,"(500, 1000]"
1,0,2,0.12,0,30,1,0,200,7217,761,0,9.483574244,"(5000, 10000]"
1,0,0,0,0,82,0,0,12,313,376,0,0.832446809,"(200, 500]"
1,0.12,1,0,0,12,1,0,26,64,261,0,0.245210728,"(50, 100]"
1,0,2,0,0,54,0,0,75,1759,643,0,2.735614308,"(1000, 5000]"
1,0,1,0,0,0,0,1,94,404,283,0,1.427561837,"(200, 500]"
1,0,1,0,0,12,0,0,63,1843,598,0,3.081939799,"(1000, 5000]"
1,0.12,2,0,0,0,0,0,69,320377,228,0,1405.162281,
1,0,1,0,0,3,0,0,12,108,97,0,1.113402062,"(100, 200]"
1,0,1,0,0,39,1,0,63,384,447,0,0.859060403,"(200, 500]"
1,0.19,2,0,0,0,0,0,19,60,100,0,0.6,"(50, 100]"
1,0,1,0,0,68,1,0,100,802,151,0,5.311258278,"(500, 1000]"
1,0,2,0,0,129,1,0,661,51145,528,0,96.8655303,
1,0,2,0,0,57,1,0,149,1582,1882,0,0.840595112,"(1000, 5000]"
1,0,2,0,0,64,0,0,22,223,266,0,0.838345865,"(200, 500]"
1,0,1,0,0,42,0,0,400,18842,744,0,25.32526882,
1,0,2,0,0,71,1,0,149,10240,1255,0,8.15936255,
1,0,3,0,0,0,0,0,122,539,639,0,0.843505477,"(500, 1000]"
1,0.33,2,0,0,70,0,0,74,399,452,0,0.882743363,"(200, 500]"
1,0,1,0,0,74,0,0,13,581,568,0,1.022887324,"(500, 1000]"
1,0,1,0,0,8,0,1,8,166,163,0,1.018404908,"(100, 200]"
1,0,2,0,0,35,0,0,77,417,362,0,1.151933702,"(200, 500]"
1,0.2,2,0,0,0,0,1,5,266,324,0,0.820987654,"(200, 500]"
1,0,1,0,0,0,0,1,3,33,37,0,0.891891892,"(25, 50]"
1,0,2,0,0,28,0,1,106,494,998,0,0.49498998,"(200, 500]"
1,0,2,0,0,18,0,1,14,178,245,0,0.726530612,"(100, 200]"
1,0,3,0,0,28,0,0,172,470,288,0,1.631944444,"(200, 500]"
1,0.33,1,0,0,36,0,0,111,807,675,0,1.195555556,"(500, 1000]"
1,0,2,0,0,2,0,0,38,162,256,0,0.6328125,"(100, 200]"
1,0.06,2,0,0,11,0,1,19,417,395,0,1.055696203,"(200, 500]"
1,0,3,0,0,70,1,0,227,17303,360,0,48.06388889,
1,0,2,0,0,29,0,0,221,1439,629,0,2.287758347,"(1000, 5000]"
1,0,2,0,0,24,1,0,580,91446,526,0,173.851711,
1,0,3,0,0,21,1,0,40,824,489,0,1.685071575,"(500, 1000]"
1,0,1,0,0,81,0,0,101,741,1440,0,0.514583333,"(500, 1000]"
1,0,1,0,0,34,1,1,157,1267,899,0,1.409343715,"(1000, 5000]"
1,0,0,0,0,40,0,0,197,4594,1713,0,2.681844717,"(1000, 5000]"
1,0,1,0,0,12,0,0,61,1135,899,0,1.262513904,"(1000, 5000]"
1,0,2,0,0,0,0,1,698,1926,1410,0,1.365957447,"(1000, 5000]"
1,0,2,0,0,59,0,1,49,1068,1925,0,0.554805195,"(1000, 5000]"
1,0,1,0,0,15,0,1,85,815,748,0,1.089572193,"(500, 1000]"
1,0,2,0,0,54,0,0,77,565,469,0,1.204690832,"(500, 1000]"
1,0,1,0,0,16,0,0,58,2556,1074,0,2.379888268,"(1000, 5000]"
1,0,2,0,0,73,0,1,232,1312,935,0,1.403208556,"(1000, 5000]"
1,0,1,0,0,24,0,0,20,699,599,0,1.166944908,"(500, 1000]"
1,0,0,0,0,0,0,0,98,4328,418,0,10.35406699,"(1000, 5000]"
1,0,0,0,0,26,1,0,559,2487,999,0,2.489489489,"(1000, 5000]"
1,0,3,0,0,0,0,0,189,673,438,0,1.53652968,"(500, 1000]"
1,0,2,0,0,0,0,1,388,730,413,0,1.767554479,"(500, 1000]"
1,0,0,0,0,0,0,1,28,59,55,0,1.072727273,"(50, 100]"
1,0,3,0,0,0,0,1,156,289,222,0,1.301801802,"(200, 500]"
1,0,1,0,0,28,0,1,6,19,20,0,0.95,"(0, 25]"
1,0,2,0,0,55,1,0,69,3551,173,0,20.52601156,"(1000, 5000]"
1,0,1,0,0,140,1,0,775,19512,591,0,33.01522843,
1,0,0,0,0,122,1,0,205,2756,638,0,4.319749216,"(1000, 5000]"
1,0,2,0,0,113,1,0,209,5406,589,0,9.178268251,"(5000, 10000]"
1,0,2,0,0,38,0,1,334,459,390,0,1.176923077,"(200, 500]"
1,0,2,0,0,0,0,0,9,218,75,0,2.906666667,"(200, 500]"
1,0,2,0,0,23,0,0,6,796,1155,0,0.689177489,"(500, 1000]"
1,0,1,0,0,0,0,0,416,1113,1854,0,0.600323625,"(1000, 5000]"
1,0.2,1,0,0,89,0,1,13,138,208,0,0.663461538,"(100, 200]"
1,0.44,1,0,0,30,0,1,33,205,164,0,1.25,"(200, 500]"
1,0,1,0,0,0,0,0,1,331,333,0,0.993993994,"(200, 500]"
1,0.1,1,0.1,0,0,0,0,711,748,4659,0,0.160549474,"(500, 1000]"
1,0,1,0,0,0,0,0,114,490,1093,0,0.448307411,"(200, 500]"
1,0,1,0.08,0,12,0,1,16,456,413,0,1.104116223,"(200, 500]"
1,0,0,0,0,123,1,0,107,971,2047,0,0.474352711,"(500, 1000]"
1,0.24,1,0.24,0,0,0,0,5,497,438,0,1.134703196,"(200, 500]"
1,0.14,2,0,0,0,0,1,7,99,132,0,0.75,"(50, 100]"
1,0,0,0,0,0,0,1,21,193,413,0,0.467312349,"(100, 200]"
1,0,2,0,0,40,0,0,65,492,689,0,0.714078374,"(200, 500]"
1,0.29,2,0,0,0,0,0,10,167,164,0,1.018292683,"(100, 200]"
1,0,2,0,0,33,0,1,59,99,178,0,0.556179775,"(50, 100]"
1,0,0,0,0,0,0,1,137,916,1142,0,0.802101576,"(500, 1000]"
1,0,2,0,0,5,0,1,10,196,209,0,0.937799043,"(100, 200]"
1,0,1,0,0,0,0,1,571,765,424,0,1.804245283,"(500, 1000]"
1,0.18,2,0,0,23,0,1,24,45,80,0,0.5625,"(25, 50]"
1,0,1,0,0,35,1,0,328,634,719,0,0.88178025,"(500, 1000]"
1,0,4,0,0,150,1,0,161,1383,7500,0,0.1844,"(1000, 5000]"
1,0,1,0,0,26,0,1,280,650,703,0,0.924608819,"(500, 1000]"
1,0,2,0,0,149,0,1,92,484,3296,0,0.14684466,"(200, 500]"
1,0,3,0,0,129,0,0,31,200,270,0,0.740740741,"(100, 200]"
1,0,2,0,0,0,0,0,0,192,65,0,2.953846154,"(100, 200]"
1,0,0,0,0,18,0,1,25,553,610,0,0.906557377,"(500, 1000]"
1,0,2,0,0,74,1,0,921,27477,7202,0,3.815190225,
1,0,2,0,0,0,1,1,1020,464,1039,0,0.446583253,"(200, 500]"
1,0,1,0,0,59,0,0,301,1057,524,0,2.017175573,"(1000, 5000]"
1,0,3,0,0,148,0,0,9,413,138,0,2.992753623,"(200, 500]"
1,0,0,0,0,0,1,0,158,389,806,0,0.482630273,"(200, 500]"
1,0.29,1,0,0,15,0,0,43,505,503,0,1.003976143,"(500, 1000]"
1,0,12,0,0,46,0,1,24,941,1208,0,0.77897351,"(500, 1000]"
1,0,2,0,0,5,0,1,60,2598,802,0,3.239401496,"(1000, 5000]"
1,0,1,0,0,98,0,0,4,59,111,0,0.531531532,"(50, 100]"
1,0,2,0,0,55,0,0,220,622,475,0,1.309473684,"(500, 1000]"
1,0,2,0,0,19,1,0,1159,2719,1061,0,2.56267672,"(1000, 5000]"
1,0.36,5,0,0,71,0,0,8,216,305,0,0.708196721,"(200, 500]"
1,0.22,2,0,0,133,0,0,396,881,375,0,2.349333333,"(500, 1000]"
1,0.08,2,0,0,150,1,0,38,870,72,0,12.08333333,"(500, 1000]"
1,0,2,0,0,43,0,1,1,265,371,0,0.714285714,"(200, 500]"
1,0.15,2,0,0,37,0,1,2,1204,633,0,1.902053712,"(1000, 5000]"
1,0,1,0,0,35,0,1,43,655,1016,0,0.644685039,"(500, 1000]"
1,0,2,0,0,87,0,0,131,1662,1065,0,1.56056338,"(1000, 5000]"
1,0.14,2,0,0,59,0,0,7,14222,7399,0,1.922151642,
1,0,2,0,0,0,0,0,57,483,1216,0,0.397203947,"(200, 500]"
1,0,3,0,0,0,0,0,36,1204,2928,0,0.411202186,"(1000, 5000]"
1,0,2,0,0,9,0,1,91,408,635,0,0.642519685,"(200, 500]"
1,0,2,0,0,12,0,1,8,303,417,0,0.726618705,"(200, 500]"
1,0.1,0,0,0,0,0,0,11,125,101,0,1.237623762,"(100, 200]"
1,0.09,1,0,0,0,0,0,252,229,383,0,0.597911227,"(200, 500]"
1,0.15,3,0,0,95,1,1,15,357,489,0,0.73006135,"(200, 500]"
1,0,1,0,0,0,0,0,74,137,96,0,1.427083333,"(100, 200]"
1,0,2,0,0,46,0,1,83,255,535,0,0.476635514,"(200, 500]"
1,0,3,0,0,123,0,1,126,87,399,0,0.218045113,"(50, 100]"
1,0,6,0,0,117,1,0,663,326946,3,0,108982,
1,0,1,0,0,26,0,1,0,114,446,0,0.255605381,"(100, 200]"
1,0,0,0,0,0,0,1,10,167,387,0,0.431524548,"(100, 200]"
1,0,2,0,0,58,0,1,8,1247,1196,0,1.04264214,"(1000, 5000]"
1,0,1,0,0,0,0,0,24,585,1364,0,0.42888563,"(500, 1000]"
1,0,1,0,0,30,0,1,65,135,232,0,0.581896552,"(100, 200]"
1,0,3,0,0,62,1,0,64,722,261,0,2.766283525,"(500, 1000]"
1,0.45,1,0.25,0,137,1,0,664,714,1159,0,0.616048318,"(500, 1000]"
1,0,2,0,0,149,1,0,130,39867,4664,0,8.547813036,
0,0,0,0,0,14,0,1,131,533,1060,0,0.502830189,"(500, 1000]"
1,0,2,0,0,19,0,1,917,1158,3932,0,0.294506612,"(1000, 5000]"
1,0,10,0,0,131,1,0,2,45834,280,0,163.6928571,
1,0,2,0,0,0,0,0,142,876,529,0,1.655954631,"(500, 1000]"
1,0.09,5,0,0,5,0,0,165,3003,455,0,6.6,"(1000, 5000]"
1,0.09,2,0,0,0,0,0,80,1298,407,0,3.189189189,"(1000, 5000]"
1,0,2,0,0,11,0,1,32,3800,278,0,13.66906475,"(1000, 5000]"
1,0,2,0,0,0,0,1,81,1358,127,0,10.69291339,"(1000, 5000]"
1,0,2,0,0,27,1,0,334,6741307,111,0,60732.4955,
1,0.38,2,0,0,10,1,0,8,791,456,0,1.734649123,"(500, 1000]"
1,0,2,0,0,72,1,0,373,732075,363,0,2016.735537,
1,0,2,0,0,3,0,1,56,373,360,0,1.036111111,"(200, 500]"
1,0,3,0,0,51,0,1,7,162,311,0,0.520900322,"(100, 200]"
1,0,1,0,0,44,0,1,12,309,364,0,0.848901099,"(200, 500]"
1,0,2,0,0,0,0,0,5,135,176,0,0.767045455,"(100, 200]"
1,0,2,0,0,73,1,0,77,244,172,0,1.418604651,"(200, 500]"
1,0.18,1,0,0,70,0,1,93,67,149,0,0.44966443,"(50, 100]"
1,0,2,0,0,35,0,0,192,984,76,0,12.94736842,"(500, 1000]"
1,0,2,0,0,13,0,1,8,751,1223,0,0.614063778,"(500, 1000]"
1,0,4,0.25,0,105,0,1,145,781,529,0,1.47637051,"(500, 1000]"
1,0,1,0.33,0,91,0,0,135,1761,905,0,1.945856354,"(1000, 5000]"
1,0.14,2,0,0,0,0,1,18,318,523,0,0.608030593,"(200, 500]"
1,0,2,0,0,48,0,0,222,5282,652,0,8.101226994,"(5000, 10000]"
1,0,2,0,0,48,0,0,222,5282,652,0,8.101226994,"(5000, 10000]"
1,0,2,0,0,126,1,1,5,228,238,0,0.957983193,"(200, 500]"
1,0,2,0,0,0,1,1,119,393,502,0,0.782868526,"(200, 500]"
1,0,2,0,0,53,0,0,201,875,754,0,1.160477454,"(500, 1000]"
1,0,0,0,0,8,0,1,12,173,373,0,0.463806971,"(100, 200]"
1,0,1,0,0,67,0,0,301,3896490,351,0,11101.11111,
1,0,1,0,0,20,0,0,20,106,133,0,0.796992481,"(100, 200]"
1,0.08,2,0,0,26,1,0,112,206,32,0,6.4375,"(200, 500]"
1,0,0,0,0,86,0,1,54,259,1371,0,0.188913202,"(200, 500]"
1,0,1,0,0,51,0,1,98,1013,996,0,1.017068273,"(1000, 5000]"
1,0.11,4,0,0,26,1,0,16,738,544,0,1.356617647,"(500, 1000]"
1,0,0,0,0,18,0,1,133,1008,517,0,1.949709865,"(1000, 5000]"
1,0,2,0,0,96,1,0,142,2441,396,0,6.164141414,"(1000, 5000]"
1,0,2,0,0,17,0,0,63,416,292,0,1.424657534,"(200, 500]"
1,0,2,0,0,0,0,1,70,516,463,0,1.114470842,"(500, 1000]"
1,0,2,0,0,62,1,0,403,8711,345,0,25.24927536,"(5000, 10000]"
1,0,2,0,0,86,0,0,15,433,584,0,0.741438356,"(200, 500]"
1,0,2,0,0,148,1,0,990,18515,1000,0,18.515,
1,0,2,0,0,1,0,1,12,70,67,0,1.044776119,"(50, 100]"
1,0.22,3,0,0,39,0,0,26,5863,157,0,37.34394904,"(5000, 10000]"
1,0.36,2,0,0,35,0,0,2,1677,716,0,2.342178771,"(1000, 5000]"
1,0,0,0,0,103,0,0,24,617,272,0,2.268382353,"(500, 1000]"
1,0,2,0,0,0,1,0,411,31182,414,0,75.31884058,
1,0,2,0,0,61,0,1,217,1152,292,0,3.945205479,"(1000, 5000]"
1,0.15,1,0,0,44,0,0,156,8578,164,0,52.30487805,"(5000, 10000]"
1,0,1,0,0,0,0,0,389,4347,748,0,5.811497326,"(1000, 5000]"
1,0,1,0,0,0,0,1,8,319,335,0,0.952238806,"(200, 500]"
1,0,1,0,0,0,0,1,3,189,177,0,1.06779661,"(100, 200]"
1,0,1,0,0,112,0,1,22,743,331,0,2.244712991,"(500, 1000]"
1,0.18,1,0,0,123,0,0,59,11204,124,0,90.35483871,
1,0,3,0,0,24,0,1,144,419,271,0,1.546125461,"(200, 500]"
1,0,2,0,0,34,0,0,2,81,268,0,0.302238806,"(50, 100]"
1,0,1,0,0,19,0,0,78,947,582,0,1.627147766,"(500, 1000]"
1,0,2,0,0,0,0,0,28,206,333,0,0.618618619,"(200, 500]"
1,0,2,0,0,42,0,0,111,541,701,0,0.771754636,"(500, 1000]"
1,0.18,3,0,0,50,0,0,6,392,237,0,1.654008439,"(200, 500]"
1,0.22,5,0,0,67,0,0,4,4177,3678,0,1.135671561,"(1000, 5000]"
1,0.17,2,0,0,134,1,0,31,265,321,0,0.825545171,"(200, 500]"
1,0,2,0,0,101,0,0,86,272,1486,0,0.183041723,"(200, 500]"
1,0,2,0,0,0,0,0,240,425,917,0,0.46346783,"(200, 500]"
1,0,3,0,0,0,0,1,11,150,178,0,0.842696629,"(100, 200]"
1,0,2,0,0,17,0,1,44,711,673,0,1.056463596,"(500, 1000]"
1,0,2,0,0,0,0,1,9,89,121,0,0.73553719,"(50, 100]"
1,0,2,0,0,32,0,1,62,742,653,0,1.136294028,"(500, 1000]"
1,0,2,0,0,0,0,0,0,96,50,0,1.92,"(50, 100]"
1,0,1,0,1,80,1,1,15,77,107,0,0.719626168,"(50, 100]"
1,0,2,0,0,2,0,1,53,195,395,0,0.493670886,"(100, 200]"
1,0,2,0,0,0,0,1,2,9,13,0,0.692307692,"(0, 25]"
1,0,1,0,0,146,1,0,52,10794,3164,0,3.411504425,
1,0.19,0,0,0,0,0,0,1,104,15,0,6.933333333,"(100, 200]"
1,0,0,0,0,0,1,1,62,318,569,0,0.55887522,"(200, 500]"
1,0.18,1,0,0,0,0,0,247,355,137,0,2.591240876,"(200, 500]"
1,0.31,1,0,0,0,0,1,9,99,488,0,0.202868852,"(50, 100]"
1,0,0,0,0,6,0,0,13,300,372,0,0.806451613,"(200, 500]"
1,0.15,1,0,0,0,0,0,204,139,61,0,2.278688525,"(100, 200]"
1,0,2,0,0,0,0,1,0,13,77,0,0.168831169,"(0, 25]"
1,0.22,1,0.14,0,0,0,1,51,606,430,0,1.409302326,"(500, 1000]"
1,0,1,0,0,64,0,0,15,428,333,0,1.285285285,"(200, 500]"
1,0,1,0,0,0,0,0,108,494,545,0,0.906422018,"(200, 500]"
1,0.24,0,0,0,0,0,1,353,1261,2187,0,0.576588935,"(1000, 5000]"
1,0,1,0,0,0,0,1,5,68,87,0,0.781609195,"(50, 100]"
1,0,2,0,0,49,1,0,560,205558,53,0,3878.45283,
1,0,2,0,0,23,0,0,85,668,609,0,1.096880131,"(500, 1000]"
1,0,2,0,0,120,1,0,95,1456,555,0,2.623423423,"(1000, 5000]"
1,0.14,2,0,0,34,0,0,14,410,387,0,1.059431525,"(200, 500]"
1,0,3,0,0,25,0,1,52,298,555,0,0.536936937,"(200, 500]"
1,0,2,0,0,0,0,1,7,254,345,0,0.736231884,"(200, 500]"
1,0,2,0,0,12,0,0,197,1070,1072,0,0.998134328,"(1000, 5000]"
1,0.17,2,0,0,0,0,1,89,1167,618,0,1.888349515,"(1000, 5000]"
1,0,2,0,0,9,0,1,34,335,300,0,1.116666667,"(200, 500]"
1,0.08,2,0,0,1,0,0,283,346,426,0,0.812206573,"(200, 500]"
1,0,2,0,0,18,0,1,65,1746,1631,0,1.07050889,"(1000, 5000]"
1,0,2,0,0,34,0,1,126,268,370,0,0.724324324,"(200, 500]"
1,0,3,0,0,23,0,1,327,537,1002,0,0.535928144,"(500, 1000]"
1,0,1,0,0,19,0,1,42,805,488,0,1.649590164,"(500, 1000]"
1,0,2,0,0,139,0,0,36,1504,52,0,28.92307692,"(1000, 5000]"
1,0,2,0,0,13,0,1,3,104,119,0,0.87394958,"(100, 200]"
1,0,2,0,0,50,0,0,53,380,462,0,0.822510823,"(200, 500]"
1,0,3,0,0,46,1,1,7,257,346,0,0.742774566,"(200, 500]"
1,0,1,0,0,30,0,1,103,1775,7500,0,0.236666667,"(1000, 5000]"
1,0.3,2,0,0,26,0,1,241,1456,1200,0,1.213333333,"(1000, 5000]"
1,0,0,0,0,0,0,1,103,265,264,0,1.003787879,"(200, 500]"
1,0,1,0,0,0,0,1,93,1051,694,0,1.514409222,"(1000, 5000]"
1,0.11,1,0,0,0,0,0,1,77,34,0,2.264705882,"(50, 100]"
0,0,1,0,0,27,0,1,16,220,323,0,0.681114551,"(200, 500]"
1,0.07,2,0,0,37,1,1,32,178,81,0,2.197530864,"(100, 200]"
1,0,1,0,0,31,0,1,1232,728,1213,0,0.60016488,"(500, 1000]"
1,0,1,0,0,20,0,1,75,668,294,0,2.272108844,"(500, 1000]"
1,0,2,0,0,7,0,0,5,406,408,0,0.995098039,"(200, 500]"
1,0,2,0,0,0,0,0,3,37,22,0,1.681818182,"(25, 50]"
1,0,2,0,0,0,0,1,30,56,114,0,0.49122807,"(50, 100]"
0,0.22,1,0,0,0,0,0,0,90,333,1,0.27027027,"(50, 100]"
0,0.38,1,0,0,0,0,0,0,60,31,1,1.935483871,"(50, 100]"
0,0.43,1,0,0,0,0,1,2,271,445,1,0.608988764,"(200, 500]"
1,0,0,0,0,0,0,1,3,1,80,1,0.0125,"(0, 25]"
1,0.5,3,0,0,24,0,1,13,158,309,1,0.511326861,"(100, 200]"
0,0.31,2,0,0,0,0,0,0,39,64,1,0.609375,"(25, 50]"
0,0.22,1,0.22,0,43,0,1,1,0,11,1,0,
0,0,1,0,0,0,0,1,0,0,853,1,0,
1,0.25,1,0,0,0,0,1,10,0,23,1,0,
0,0,2,0,0,0,0,0,0,12,5,1,2.4,"(0, 25]"
0,0.33,1,0,0,0,0,0,0,10,18,1,0.555555556,"(0, 25]"
0,0.33,1,0,0,0,0,1,0,1,34,1,0.029411765,"(0, 25]"
0,0,1,0,0,0,0,0,0,1,8,1,0.125,"(0, 25]"
0,0,0,0,0,0,0,1,0,0,0,1,0,
0,0.12,1,0,0,0,0,1,0,31,213,1,0.145539906,"(25, 50]"
0,0.18,1,0,0,0,0,1,0,5,10,1,0.5,"(0, 25]"
0,0.5,1,0,0,0,0,1,5,18,58,1,0.310344828,"(0, 25]"
1,0.5,1,0,0,0,0,1,0,12,77,1,0.155844156,"(0, 25]"
0,0.5,1,0,0,0,0,1,0,6,37,1,0.162162162,"(0, 25]"
1,0.57,1,0,0,0,0,0,0,47,10,1,4.7,"(25, 50]"
0,0.45,3,0,0,0,0,0,0,33,4,1,8.25,"(25, 50]"
0,0.5,1,0,0,0,0,1,141,4,279,1,0.014336918,"(0, 25]"
0,0.57,1,0,0,0,0,1,6,5,15,1,0.333333333,"(0, 25]"
1,0,1,0,0,0,0,1,1,0,44,1,0,
0,0.44,1,0.43,0,0,0,1,0,5,17,1,0.294117647,"(0, 25]"
0,0,1,0,0,0,0,1,1,107,42,1,2.547619048,"(100, 200]"
1,0.88,1,0,0,0,0,1,39,8,60,1,0.133333333,"(0, 25]"
0,0,1,0,0,0,0,0,0,48,6,1,8,"(25, 50]"
0,0.22,0,0,0,0,0,1,9,2,215,1,0.009302326,"(0, 25]"
0,0,2,0,0,0,0,1,0,51,126,1,0.404761905,"(50, 100]"
1,0,1,0,0,43,0,1,21,5,48,1,0.104166667,"(0, 25]"
0,0,1,0,0,0,0,1,0,0,802,1,0,
0,0.55,1,0,0,0,0,0,0,26,46,1,0.565217391,"(25, 50]"
0,0.07,1,0,0,0,0,1,0,0,601,1,0,
1,0.8,1,0,0,13,0,1,3,76,168,1,0.452380952,"(50, 100]"
0,0,1,0.4,0,0,0,1,0,165,689,1,0.239477504,"(100, 200]"
0,0,1,0,0,0,0,0,0,115,230,1,0.5,"(100, 200]"
0,0.31,1,0.36,0,0,0,0,0,6,15,1,0.4,"(0, 25]"
0,0.4,1,0,0,0,0,0,0,24,49,1,0.489795918,"(0, 25]"
0,0.33,1,0,0,0,0,1,0,40,236,1,0.169491525,"(25, 50]"
0,0,1,0,0,0,0,1,6,32,52,1,0.615384615,"(25, 50]"
0,0.33,1,0.33,1,0,0,1,0,0,35,1,0,
0,0.36,1,0,0,0,0,0,0,21,44,1,0.477272727,"(0, 25]"
1,0.55,1,0.29,0,0,0,1,1,79,767,1,0.102998696,"(50, 100]"
1,0.41,1,0,0,0,0,1,4,8,37,1,0.216216216,"(0, 25]"
1,0.43,0,0,0,0,0,0,0,49,79,1,0.620253165,"(25, 50]"
0,0.11,1,0.11,1,0,0,1,0,31,91,1,0.340659341,"(25, 50]"
1,0,1,0,1,0,0,1,0,15,41,1,0.365853659,"(0, 25]"
1,0.25,1,0,0,0,0,0,0,4,3,1,1.333333333,"(0, 25]"
1,0.44,1,0,0,0,0,1,0,0,229,1,0,
1,0.3,0,0,0,0,0,1,17,316,1165,1,0.271244635,"(200, 500]"
0,0.1,1,0,0,0,0,1,0,0,0,1,0,
0,0,1,0,0,0,0,0,1,3,1,1,3,"(0, 25]"
0,0,2,0,0,0,0,0,0,2,30,1,0.066666667,"(0, 25]"
1,0.29,2,0,0,9,0,1,7,221,244,1,0.905737705,"(200, 500]"
0,0,1,0,0,0,0,0,13,181,935,1,0.193582888,"(100, 200]"
0,0,2,0,0,0,0,1,0,9,167,1,0.053892216,"(0, 25]"
0,0.67,1,0,0,0,0,0,0,2,0,1,0,"(0, 25]"
1,0.31,1,0.31,1,0,0,1,0,25,86,1,0.290697674,"(0, 25]"
1,0,3,0,0,18,0,0,5,26,129,1,0.201550388,"(25, 50]"
1,0.89,1,0.89,0,0,0,1,124,15,305,1,0.049180328,"(0, 25]"
1,0,1,0,0,10,0,0,9,59,48,1,1.229166667,"(50, 100]"
0,0.2,1,0.2,1,61,0,1,5,7,47,1,0.14893617,"(0, 25]"
0,0.12,1,0,0,0,0,1,2,40,179,1,0.223463687,"(25, 50]"
0,0,1,0,0,0,0,0,0,51,41,1,1.243902439,"(50, 100]"
1,0,5,0,0,0,0,0,150,133,750,1,0.177333333,"(100, 200]"
1,0,0,0,0,0,0,1,29,25,39,1,0.641025641,"(0, 25]"
1,0.18,1,0,0,0,0,1,108,864,3646,1,0.236972024,"(500, 1000]"
1,0,0,0,0,0,0,0,77,73,35,1,2.085714286,"(50, 100]"
1,0.38,1,0.4,0,0,0,1,3,184,170,1,1.082352941,"(100, 200]"
1,0.43,1,0,0,0,0,1,7,161,333,1,0.483483483,"(100, 200]"
1,0.22,1,0.22,1,0,0,1,3,42,694,1,0.060518732,"(25, 50]"
1,0,1,0,0,22,0,1,131,279,1124,1,0.248220641,"(200, 500]"
1,0,1,0,0,0,0,0,40,219,155,1,1.412903226,"(200, 500]"
1,0.24,1,0.24,1,0,0,1,4,18,106,1,0.169811321,"(0, 25]"
1,0.44,1,0,0,0,0,1,84,106,171,1,0.619883041,"(100, 200]"
1,0.5,0,0,0,2,0,1,299,34,108,1,0.314814815,"(25, 50]"
0,0,1,0,0,0,0,0,11,42,26,1,1.615384615,"(25, 50]"
1,0.16,0,0,0,146,0,1,0,1,13,1,0.076923077,"(0, 25]"
0,0.89,0,0,0,0,0,1,0,38,68,1,0.558823529,"(25, 50]"
1,0.58,1,0.36,0,6,0,1,1,34,44,1,0.772727273,"(25, 50]"
1,0.29,1,0,0,50,0,1,4,23,151,1,0.152317881,"(0, 25]"
1,0.3,1,0,0,0,0,1,0,23,37,1,0.621621622,"(0, 25]"
0,0.5,2,0,0,0,0,0,0,83,139,1,0.597122302,"(50, 100]"
0,0.4,1,0,0,0,0,0,0,25,28,1,0.892857143,"(0, 25]"
1,0,0,0,0,39,0,1,3,13,38,1,0.342105263,"(0, 25]"
0,0.25,1,0,0,0,0,0,0,64,60,1,1.066666667,"(50, 100]"
0,0.36,1,0,0,0,0,0,0,90,69,1,1.304347826,"(50, 100]"
0,0.33,2,0,0,0,0,0,0,82,6,1,13.66666667,"(50, 100]"
0,0,0,0,0,0,0,0,0,140,319,1,0.438871473,"(100, 200]"
0,0.36,1,0,0,0,0,1,0,0,29,1,0,
1,0.3,1,0,0,5,0,1,1,51,420,1,0.121428571,"(50, 100]"
1,0.12,1,0,0,91,0,0,7,38,87,1,0.436781609,"(25, 50]"
0,0.33,1,0.38,0,2,0,1,3,21,733,1,0.028649386,"(0, 25]"
1,0.38,1,0,0,0,0,1,0,5,121,1,0.041322314,"(0, 25]"
1,0.4,1,0,0,0,0,1,0,21,45,1,0.466666667,"(0, 25]"
0,0.57,0,0,0,0,0,1,5,124,249,1,0.497991968,"(100, 200]"
0,0.22,1,0,0,0,0,1,0,5,56,1,0.089285714,"(0, 25]"
1,0.38,1,0,0,37,0,1,1,2,16,1,0.125,"(0, 25]"
0,0.64,2,0,0,0,0,0,0,42,46,1,0.913043478,"(25, 50]"
1,0.33,1,0.33,0,0,0,1,12,48,45,1,1.066666667,"(25, 50]"
0,0.31,1,0.31,1,0,0,0,0,32,25,1,1.28,"(25, 50]"
0,0,1,0,0,0,0,1,0,0,71,1,0,
0,0.25,1,0,0,0,0,0,0,0,0,1,0,
1,0.12,1,0,0,0,0,1,1,10,104,1,0.096153846,"(0, 25]"
1,0.38,1,0,0,0,0,1,92,19,31,1,0.612903226,"(0, 25]"
0,0.31,1,0,0,0,0,1,0,138,99,1,1.393939394,"(100, 200]"
0,0.2,0,0,0,0,0,1,0,11,157,1,0.070063694,"(0, 25]"
0,0,1,0,0,0,0,1,0,1,64,1,0.015625,"(0, 25]"
0,0.42,1,0,0,0,0,0,0,39,40,1,0.975,"(25, 50]"
1,0,0,0,0,148,0,0,21,446,1762,1,0.253121453,"(200, 500]"
1,0.57,1,0,0,0,0,1,7,9,82,1,0.109756098,"(0, 25]"
0,0,0,0,0,0,0,0,9,589,2980,1,0.197651007,"(500, 1000]"
0,0.06,1,0,0,0,0,0,0,27,63,1,0.428571429,"(25, 50]"
1,0,2,0,0,0,0,0,14,143,500,1,0.286,"(100, 200]"
0,0,2,0,0,0,0,1,0,0,177,1,0,
0,0,3,0,0,0,0,1,0,0,130,1,0,
0,0.21,1,0,0,0,0,0,3,124,135,1,0.918518519,"(100, 200]"
1,0.07,0,0,0,0,0,1,0,12,192,1,0.0625,"(0, 25]"
0,0.42,1,0,0,0,0,0,0,16,36,1,0.444444444,"(0, 25]"
0,0.21,1,0,0,0,0,0,1,1,2,1,0.5,"(0, 25]"
0,0.38,1,0,0,0,0,0,1,120,181,1,0.662983425,"(100, 200]"
0,0,2,0,0,0,0,1,0,0,71,1,0,
0,0,1,0,0,0,0,0,1,26,8,1,3.25,"(25, 50]"
1,0.14,3,0,0,0,0,0,0,57,167,1,0.341317365,"(50, 100]"
0,0.15,2,0,0,0,0,0,1,13,22,1,0.590909091,"(0, 25]"
1,0,4,0,0,149,0,0,28,1031,208,1,4.956730769,"(1000, 5000]"
1,0.18,1,0,0,0,0,0,0,42,146,1,0.287671233,"(25, 50]"
1,0.33,2,0,0,0,0,0,25,70,64,1,1.09375,"(50, 100]"
1,0.18,1,0,0,0,0,1,0,0,8,1,0,
1,0.3,1,0,0,0,0,0,0,46,92,1,0.5,"(25, 50]"
1,0.43,2,0,0,0,0,0,111,834,4118,1,0.202525498,"(500, 1000]"
0,0,2,0,0,22,0,1,2,389,392,1,0.992346939,"(200, 500]"
1,0.33,0,0,0,0,0,0,0,43,221,1,0.194570136,"(25, 50]"
0,0.33,1,0,0,0,0,1,0,23,40,1,0.575,"(0, 25]"
0,0,1,0,0,0,0,1,0,5,82,1,0.06097561,"(0, 25]"
0,0.71,0,0,0,0,0,1,0,4,25,1,0.16,"(0, 25]"
0,0.5,1,0,0,0,0,0,0,17,44,1,0.386363636,"(0, 25]"
1,0.25,1,0,0,2,0,1,5,182,227,1,0.801762115,"(100, 200]"
1,0.33,1,0,0,0,0,0,10,108,304,1,0.355263158,"(100, 200]"
0,0.5,1,0.33,0,0,0,0,3,43,123,1,0.349593496,"(25, 50]"
0,0.29,1,0,0,0,0,0,19,77,8,1,9.625,"(50, 100]"
0,0.09,1,0,0,0,0,0,0,32,87,1,0.367816092,"(25, 50]"
0,0.25,1,0,0,0,0,1,0,0,11,1,0,
1,0.13,1,0,0,0,0,1,8,40,66,1,0.606060606,"(25, 50]"
0,0.33,1,0.33,1,20,0,0,2,53,303,1,0.174917492,"(50, 100]"
1,0.14,2,0,0,0,0,0,10,67,90,1,0.744444444,"(50, 100]"
1,0,3,0,0,0,0,0,29,122,336,1,0.363095238,"(100, 200]"
0,0,2,0,0,0,0,0,0,18,49,1,0.367346939,"(0, 25]"
0,0.4,1,0,0,0,0,1,0,24,88,1,0.272727273,"(0, 25]"
1,0,1,0,0,0,0,0,2,35,136,1,0.257352941,"(25, 50]"
1,0.4,1,0.4,1,0,0,1,3,119,151,1,0.78807947,"(100, 200]"
1,0.1,1,0,0,0,0,1,5,6,24,1,0.25,"(0, 25]"
0,0.43,1,0.4,0,0,0,0,0,34,26,1,1.307692308,"(25, 50]"
1,0,3,0,0,148,0,0,63,272,295,1,0.922033898,"(200, 500]"
1,0.44,2,0,0,0,0,0,1,53,137,1,0.386861314,"(50, 100]"
1,0.33,0,0,0,50,0,1,4,818,618,1,1.323624595,"(500, 1000]"
1,0,3,0,0,0,0,0,34,82,74,1,1.108108108,"(50, 100]"
1,0.38,2,0,0,2,0,0,0,40,233,1,0.17167382,"(25, 50]"
1,0.4,0,0,0,0,0,1,0,21,76,1,0.276315789,"(0, 25]"
1,0.33,1,0,0,0,0,0,6,59,38,1,1.552631579,"(50, 100]"
1,0.12,1,0,0,0,0,0,2,102,109,1,0.935779817,"(100, 200]"
1,0.29,0,0,0,0,0,1,7,576,474,1,1.215189873,"(500, 1000]"
0,0.57,2,0.4,0,0,0,0,0,19,16,1,1.1875,"(0, 25]"
1,0,0,0,0,0,0,1,0,66,161,1,0.409937888,"(50, 100]"
1,0,1,0,0,0,0,1,5,310,894,1,0.346756152,"(200, 500]"
1,0,1,0,1,34,0,1,0,16,17,1,0.941176471,"(0, 25]"
0,0,1,0,0,0,0,0,0,15,4,1,3.75,"(0, 25]"
1,0.07,1,0,0,0,0,1,0,47,98,1,0.479591837,"(25, 50]"
1,0,1,0,1,0,0,0,4,88,61,1,1.442622951,"(50, 100]"
1,0.27,1,0,0,0,0,1,1,51,59,1,0.86440678,"(50, 100]"
1,0,2,0,0,0,0,0,26,505,2330,1,0.216738197,"(500, 1000]"
1,0.36,1,0,0,0,0,0,9,159,433,1,0.367205543,"(100, 200]"
1,0.29,1,0.33,0,0,0,1,4,77,1269,1,0.060677699,"(50, 100]"
1,0.83,1,0,0,32,0,0,4,61,76,1,0.802631579,"(50, 100]"
0,0.67,1,0,0,0,0,1,0,7,14,1,0.5,"(0, 25]"
1,0.38,1,0.33,0,0,0,1,0,11,60,1,0.183333333,"(0, 25]"
0,0.58,1,0,0,0,0,0,0,49,22,1,2.227272727,"(25, 50]"
0,0,1,0,0,0,0,0,0,15,595,1,0.025210084,"(0, 25]"
1,0.2,2,0,0,0,0,0,1,1,9,1,0.111111111,"(0, 25]"
0,0,1,0,0,0,0,0,0,17,1,1,17,"(0, 25]"
0,0.29,2,0,0,0,0,0,0,15,1,1,15,"(0, 25]"
1,0.25,1,0,0,59,0,0,28,358,1990,1,0.179899497,"(200, 500]"
0,0.25,1,0,0,0,0,0,0,20,7,1,2.857142857,"(0, 25]"
0,0,1,0,0,6,0,0,1,50,32,1,1.5625,"(25, 50]"
0,0,1,0,0,0,0,0,0,57,76,1,0.75,"(50, 100]"
0,0.31,1,0,0,0,0,0,2,12,15,1,0.8,"(0, 25]"
1,0.67,1,0,0,0,0,0,2,218,792,1,0.275252525,"(200, 500]"
0,0.33,1,0.25,0,0,0,0,9,78,98,1,0.795918367,"(50, 100]"
0,0.47,1,0,0,0,0,0,1,16,23,1,0.695652174,"(0, 25]"
0,0.36,1,0,0,0,0,0,8,39,17,1,2.294117647,"(25, 50]"
0,0,1,0,0,0,0,0,0,15,1,1,15,"(0, 25]"
0,0.4,0,0,0,0,0,0,0,30,48,1,0.625,"(25, 50]"
0,0.33,1,0,0,0,0,0,0,85,638,1,0.13322884,"(50, 100]"
0,0.33,1,0,0,0,0,0,0,77,747,1,0.103078983,"(50, 100]"
0,0.55,2,0,0,0,0,0,0,49,82,1,0.597560976,"(25, 50]"
0,0.27,1,0.27,1,0,0,0,0,16,24,1,0.666666667,"(0, 25]"
0,0.44,1,0,0,0,0,0,0,8,6,1,1.333333333,"(0, 25]"
0,0.44,1,0,0,0,0,0,2,34,22,1,1.545454545,"(25, 50]"
0,0.47,1,0,0,0,0,0,2,45,83,1,0.542168675,"(25, 50]"
0,0.33,1,0,0,0,0,0,0,49,0,1,0,"(25, 50]"
0,0,2,0,0,0,0,0,0,15,5,1,3,"(0, 25]"
0,0.25,1,0,0,0,0,0,0,92,403,1,0.228287841,"(50, 100]"
1,0.91,1,0,0,0,0,0,0,75,26,1,2.884615385,"(50, 100]"
0,0.44,1,0,0,0,0,0,0,10,0,1,0,"(0, 25]"
1,0.12,1,0,0,1,0,0,0,23,26,1,0.884615385,"(0, 25]"
0,0.2,1,0,0,0,0,0,0,22,11,1,2,"(0, 25]"
0,0.24,2,0,0,0,0,0,0,55,46,1,1.195652174,"(50, 100]"
0,0.27,1,0,0,0,0,0,0,16,0,1,0,"(0, 25]"
0,0.25,1,0,0,0,0,0,0,7,20,1,0.35,"(0, 25]"
0,0.28,1,0.24,0,0,0,0,0,86,0,1,0,"(50, 100]"
0,0.38,1,0,0,0,0,0,0,3,11,1,0.272727273,"(0, 25]"
0,0.57,2,0,0,0,0,0,0,12,30,1,0.4,"(0, 25]"
1,0.44,1,0,0,0,0,0,1,14,56,1,0.25,"(0, 25]"
0,0.47,1,0,0,0,0,0,0,24,22,1,1.090909091,"(0, 25]"
0,0,2,0,0,0,0,0,0,52,1,1,52,"(50, 100]"
0,0.44,1,0,0,0,0,0,1,16,27,1,0.592592593,"(0, 25]"
0,0.44,1,0,0,0,0,0,4,17,20,1,0.85,"(0, 25]"
0,0.57,2,0,0,0,0,0,0,50,49,1,1.020408163,"(25, 50]"
0,0.54,1,0,0,0,0,0,5,136,1029,1,0.132167153,"(100, 200]"
1,0.43,1,0,0,0,0,0,10,178,1417,1,0.125617502,"(100, 200]"
0,0.89,0,0,0,0,0,0,1,50,39,1,1.282051282,"(25, 50]"
1,0.38,1,0,0,0,0,0,2,207,2426,1,0.085325639,"(200, 500]"
0,0.36,1,0,0,0,0,1,0,178,828,1,0.214975845,"(100, 200]"
0,0,1,0,1,0,0,0,0,16,26,1,0.615384615,"(0, 25]"
0,0.14,1,0,0,0,0,0,0,49,2,1,24.5,"(25, 50]"
0,0.2,1,0.33,0,0,0,0,2,49,12,1,4.083333333,"(25, 50]"
0,0.1,0,0,0,0,0,0,0,37,4,1,9.25,"(25, 50]"
0,0.5,1,0.4,0,0,0,0,0,21,0,1,0,"(0, 25]"
1,0.58,1,0.44,0,0,0,0,21,356,2176,1,0.163602941,"(200, 500]"
0,0.44,2,0,0,0,0,0,0,46,4,1,11.5,"(25, 50]"
0,0.22,1,0.33,0,0,0,0,0,49,0,1,0,"(25, 50]"
0,0,1,0,0,0,0,0,0,49,58,1,0.844827586,"(25, 50]"
0,0,1,0,0,0,0,0,0,44,45,1,0.977777778,"(25, 50]"
0,0.13,2,0,0,0,0,0,0,42,240,1,0.175,"(25, 50]"
0,0.38,1,0.33,0,0,0,0,0,47,9,1,5.222222222,"(25, 50]"
0,0.1,2,0,0,0,0,0,0,48,1,1,48,"(25, 50]"
1,0.91,1,0,0,0,0,0,0,75,26,1,2.884615385,"(50, 100]"
0,0.08,1,0,0,0,0,0,0,115,289,1,0.397923875,"(100, 200]"
0,0.88,1,1,0,0,0,0,5,53,66,1,0.803030303,"(50, 100]"
0,0.67,1,0,0,0,0,0,0,32,23,1,1.391304348,"(25, 50]"
0,0.44,1,0,0,0,0,0,0,39,153,1,0.254901961,"(25, 50]"
0,0.18,1,0,0,0,0,0,0,3033,1155,1,2.625974026,"(1000, 5000]"
0,0.25,1,0,0,0,0,0,0,3003,825,1,3.64,"(1000, 5000]"
0,0.88,1,1,0,0,0,0,1,34,36,1,0.944444444,"(25, 50]"
0,0.36,1,0,0,0,0,0,37,218,1528,1,0.142670157,"(200, 500]"
1,0.33,2,0.22,0,0,0,0,8,210,1543,1,0.136098509,"(200, 500]"
1,0.2,2,0,0,19,0,0,4,1489,3715,1,0.400807537,"(1000, 5000]"
0,0.5,1,0.5,1,0,0,0,0,10,2,1,5,"(0, 25]"
0,0.33,1,0,0,0,0,0,28,201,812,1,0.247536946,"(200, 500]"
0,0,2,0,0,0,0,0,0,351,2663,1,0.131806234,"(200, 500]"
0,0.43,1,0,0,0,0,0,0,52,16,1,3.25,"(50, 100]"
0,0.25,1,0.18,0,0,0,0,6,156,423,1,0.368794326,"(100, 200]"
0,0.43,2,0,0,0,0,0,12,85,477,1,0.178197065,"(50, 100]"
0,0.24,1,0,0,0,0,0,0,35,38,1,0.921052632,"(25, 50]"
0,0.44,1,0,0,0,0,0,0,55,28,1,1.964285714,"(50, 100]"
0,0.27,2,0,0,43,0,1,0,16,51,1,0.31372549,"(0, 25]"
0,0.38,1,0,0,0,0,0,0,43,88,1,0.488636364,"(25, 50]"
0,0.4,1,0,0,0,0,0,2,97,408,1,0.237745098,"(50, 100]"
0,0.57,1,0.57,1,0,0,0,2,34,112,1,0.303571429,"(25, 50]"
0,0,1,0,1,0,0,0,0,2346,7272,1,0.322607261,"(1000, 5000]"
0,0.25,1,0,0,0,0,0,0,49,95,1,0.515789474,"(25, 50]"
1,0.19,0,0,0,0,0,1,2,2,55,1,0.036363636,"(0, 25]"
0,0.46,1,0.46,1,0,0,0,2,40,19,1,2.105263158,"(25, 50]"
0,0.46,1,0,0,0,0,1,0,332,1333,1,0.249062266,"(200, 500]"
0,0.73,1,0,0,0,0,0,0,14,542,1,0.025830258,"(0, 25]"
1,0.6,1,0.5,0,0,0,0,12,65,162,1,0.401234568,"(50, 100]"
1,0.46,1,0.5,0,0,0,0,1,20,52,1,0.384615385,"(0, 25]"
0,0.31,1,0.31,1,0,0,0,0,26,27,1,0.962962963,"(25, 50]"
1,0.43,1,0.43,0,0,0,0,0,72,434,1,0.165898618,"(50, 100]"
1,0,1,0,0,0,0,0,1,55,2,1,27.5,"(50, 100]"
1,0.5,1,0.4,0,33,0,0,12,77,108,1,0.712962963,"(50, 100]"
1,0,4,0.25,0,0,0,1,59,31,215,1,0.144186047,"(25, 50]"
0,0.86,2,0.18,0,0,0,0,0,57,130,1,0.438461538,"(50, 100]"
0,0.62,1,0,0,0,0,1,0,58,347,1,0.167146974,"(50, 100]"
1,0.33,2,0,0,0,0,0,23,47,139,1,0.338129496,"(25, 50]"
1,0.16,1,0.12,0,43,0,0,3,31,37,1,0.837837838,"(25, 50]"
1,0.92,1,1,0,0,0,0,11,96,242,1,0.396694215,"(50, 100]"
1,0.27,1,0,0,19,0,0,8,126,860,1,0.146511628,"(100, 200]"
1,0.25,1,0,0,0,0,1,102,39,229,1,0.170305677,"(25, 50]"
1,0.43,1,0,0,5,0,0,6,66,161,1,0.409937888,"(50, 100]"
1,0.31,3,0,0,0,0,0,25,87,698,1,0.124641834,"(50, 100]"
1,0.2,1,0,0,28,0,0,0,15,64,1,0.234375,"(0, 25]"
1,0.55,1,0.44,0,0,0,0,33,166,596,1,0.27852349,"(100, 200]"
1,0.38,1,0.33,0,21,0,0,44,66,75,1,0.88,"(50, 100]"
1,0.57,2,0,0,0,0,0,4,96,339,1,0.283185841,"(50, 100]"
1,0.57,1,0,0,11,0,0,0,57,73,1,0.780821918,"(50, 100]"
1,0.27,1,0,0,0,0,0,2,150,487,1,0.308008214,"(100, 200]"
